theta0,theta1
577.9813218391141,151.48619391263853
