theta0,theta1
8499.599649933165,-0.021448963591701817
